title,company,location,publish_time,link
Java Softwareentwickler (m/w/d) - Java Fullstack Developer,Ratbacher GmbH,"Berlin, Deutschland",2025-04-09 07:58:44.177246,https://jobs.fox4kc.com/jobs/java-softwareentwickler-m-w-d-java-fullstack-developer-berlin/1624865381-2/?utm_campaign=google_jobs_apply&utm_source=google_jobs_apply&utm_medium=organic
Softwareentwickler (w/m/d) Identity & Access Management - Inklusiver Job 🦼 🦻 ᾚ,KfW Bankengruppe,"Berlin, Deutschland",2025-04-08 20:58:44.177258,https://jobs.ksnt.com/jobs/softwareentwickler-w-m-d-identity-access-management-inklusiver-job-x1f9bc-x1f9bb-x1f9a-berlin/1623756716-2/?utm_campaign=google_jobs_apply&utm_source=google_jobs_apply&utm_medium=organic
Senior C# .NET Softwareentwickler | Berlin | €60.000 - 75.000,Optimus Search,"Berlin, Deutschland",2025-04-07 20:58:45.794184,https://de.linkedin.com/jobs/view/senior-c%23-net-softwareentwickler-berlin-%E2%82%AC60-000-75-000-at-optimus-search-4077500414?utm_campaign=google_jobs_apply&utm_source=google_jobs_apply&utm_medium=organic
Java Full Stack Softwareentwickler (m/w/d),WeMatch.,"Berlin, Deutschland",2025-04-07 20:58:45.794114,https://www.xing.com/jobs/berlin-java-full-stack-softwareentwickler-133267814?utm_campaign=google_jobs_apply&utm_source=google_jobs_apply&utm_medium=organic
Softwareentwickler User Interface (m/w/d),DIgSILENT GmbH,"Berlin, Deutschland",2025-04-07 20:58:44.177273,https://de.linkedin.com/jobs/view/softwareentwickler-user-interface-m-w-d-at-digsilent-gmbh-4203299234?utm_campaign=google_jobs_apply&utm_source=google_jobs_apply&utm_medium=organic
Softwareentwickler bei Bits & Bytes,Bits und Bytes Service & Lernen GmbH,"Berlin, Deutschland",2025-04-07 20:58:44.177269,https://www.stepstone.de/stellenangebote--Softwareentwickler-bei-Bits-Bytes-Berlin-Deutschland-Bits-und-Bytes-Service-Lernen-GmbH--12263834-inline.html?utm_campaign=google_jobs_apply&utm_source=google_jobs_apply&utm_medium=organic
Softwareentwickler (w/m/d) Java - hybrid in Berlin,WeMatch.,"Berlin, Deutschland",2025-04-07 20:58:44.177264,https://www.xing.com/jobs/berlin-softwareentwickler-java-hybrid-berlin-133267760?utm_campaign=google_jobs_apply&utm_source=google_jobs_apply&utm_medium=organic
Mathematiker / Physiker als Softwareentwickler für quantitative Methoden (m|w|d) - Anwendungsentwick,ZEB,"Berlin, Deutschland",2025-04-06 20:58:45.794202,https://jobs.khon2.com/jobs/mathematiker-physiker-als-softwareentwickler-fur-quantitative-methoden-m-w-d-anwendungsentwick-berli/1621689879-2/?utm_campaign=google_jobs_apply&utm_source=google_jobs_apply&utm_medium=organic
"(Senior) Fullstack Softwareentwickler (m/w/d) - Anwendungsentwicklung, Ingenieurwesen",Senacor,"Berlin, Deutschland",2025-04-06 20:58:45.794166,https://jobs.ksnt.com/jobs/senior-fullstack-softwareentwickler-m-w-d-anwendungsentwicklung-ingenieurwesen-berlin/1621629735-2/?utm_campaign=google_jobs_apply&utm_source=google_jobs_apply&utm_medium=organic
Softwareentwickler,GULP Information Services GmbH,"Berlin, Deutschland",2025-04-05 20:58:47.396400,https://devjobs.de/job/9f4f75c5b4ef67294d780392c20a47f0?utm_campaign=google_jobs_apply&utm_source=google_jobs_apply&utm_medium=organic
TYPO3 / PHP Softwareentwickler:in,Materna,"Berlin, Deutschland",2025-04-04 20:58:48.996588,https://www.experteer.de/career/view-jobs/typo3-php-softwareentwickler-in-10115-berlin-deutschland-51201096?utm_campaign=google_jobs_apply&utm_source=google_jobs_apply&utm_medium=organic
Senior Fullstack Softwareentwickler:in – Python & React,CONTACT Software,"Berlin, Deutschland",2025-04-04 20:58:48.996580,https://de.linkedin.com/jobs/view/senior-fullstack-softwareentwickler-in-%E2%80%93-python-react-at-contact-software-3806880708?utm_campaign=google_jobs_apply&utm_source=google_jobs_apply&utm_medium=organic
Softwareentwickler/ Web-Developer (w/m/d),"Kommunaler Schadenausgleich der Länder Brandenburg, Mecklenburg- Vorpommern, Sachsen, Sachsen-Anhalt und Thüringen","Berlin, Deutschland",2025-04-04 20:58:48.996552,https://www.stepstone.de/stellenangebote--Softwareentwickler-Web-Developer-w-m-d-Berlin-Kommunaler-Schadenausgleich-der-Laender-Brandenburg-Mecklenburg-Vorpommern-Sachsen-Sachsen-Anhalt-und-Thueringen--12249601-inline.html?utm_campaign=google_jobs_apply&utm_source=google_jobs_apply&utm_medium=organic
Lead Softwareentwickler Java (all genders) M/W/D,]init[ AG,"Berlin, Deutschland",2025-04-04 20:58:48.996534,https://www.monster.de/stellenangebot/lead-softwareentwickler-java-all-genders-m-w-d-berlin-berlin--569be840-cae0-4b26-a21d-b6386245ff2a?utm_campaign=google_jobs_apply&utm_source=google_jobs_apply&utm_medium=organic
Softwareentwickler .NET / Künstliche Intelligenz,KPMG AG Wirtschaftsprüfungsgesellschaft,"Berlin, Deutschland",2025-04-04 20:58:45.794218,https://mynejo.com/job/softwareentwickler-net-kuenstliche-intelligenz~79547bb9-cfe2-4310-8ede-956bb571147e?utm_campaign=google_jobs_apply&utm_source=google_jobs_apply&utm_medium=organic
Softwareentwickler C++ (m/w/d) CAD und Simulation - CATIA,Dassault Systemes Deutschland GmbH,"Berlin, Deutschland",2025-04-04 20:58:45.794210,https://www.stepstone.de/stellenangebote--Softwareentwickler-C-m-w-d-CAD-und-Simulation-CATIA-Berlin-Dassault-Systemes-Deutschland-GmbH--12333240-inline.html?utm_campaign=google_jobs_apply&utm_source=google_jobs_apply&utm_medium=organic
Senior Softwareentwickler*in AI Planning (m/w/d),ESG Elektroniksystem- und Logistik-GmbH,"Kleinmachnow, Deutschland",2025-04-03 20:58:50.587759,https://jobs.ksnt.com/jobs/senior-softwareentwicklerin-ai-planning-m-w-d-kleinmachnow-brandenburg/1617517200-2/?utm_campaign=google_jobs_apply&utm_source=google_jobs_apply&utm_medium=organic
"Software Developer, Vollzeit, Berlin (Softwareentwickler/in)",statt-werk GmbH,"Berlin, Deutschland",2025-04-03 20:58:45.794147,https://www.stepstone.de/stellenangebote--Software-Developer-Vollzeit-Berlin-Softwareentwickler-in-Berlin-statt-werk-GmbH--12244788-inline.html?utm_campaign=google_jobs_apply&utm_source=google_jobs_apply&utm_medium=organic
Softwareentwickler Java (m/w/d),aconso AG,"Schöneiche bei Berlin, Deutschland",2025-04-02 20:58:50.587723,https://jobs.khon2.com/jobs/softwareentwickler-java-m-w-d-schoneiche-brandenburg/1616874455-2/?utm_campaign=google_jobs_apply&utm_source=google_jobs_apply&utm_medium=organic
Softwareentwickler C/C++ (m/w/d),Kuke & Keller Consulting OHG,"Berlin, Deutschland",2025-04-02 20:58:48.996544,https://www.xing.com/jobs/berlin-softwareentwickler-133006877?utm_campaign=google_jobs_apply&utm_source=google_jobs_apply&utm_medium=organic
Softwareentwickler (m/w/d) Embedded Linux,Orizon GmbH,"Berlin, Deutschland",2025-04-01 20:58:45.794192,https://www.orizon.de/de/job/softwareentwickler-m-w-d-embedded-linux-berlin-320420?utm_campaign=google_jobs_apply&utm_source=google_jobs_apply&utm_medium=organic
Softwareentwickler/in im Innendienst,Mahr EDV GmbH,"Berlin, Deutschland (+ 13 weitere Standorte)",2025-03-31 20:58:45.794157,https://www.mahr-edv.de/jobs/softwareentwickler-im-innendienst-m-w-d?utm_campaign=google_jobs_apply&utm_source=google_jobs_apply&utm_medium=organic
Softwareentwickler/in (Softwareentwickler/in),Advantage Software Consulting GmbH,"Berlin, Deutschland",2025-03-31 20:58:44.177223,https://www.stepstone.de/stellenangebote--Softwareentwickler-in-Softwareentwickler-in-Berlin-Advantage-Software-Consulting-GmbH--12168148-inline.html?utm_campaign=google_jobs_apply&utm_source=google_jobs_apply&utm_medium=organic
Senior Embedded Softwareentwickler (m/w/d) - hybrides Arbeiten (Remote & Präsenz),Akkodis,"Berlin, Deutschland",2025-03-30 20:58:47.396320,https://karriere.akkodis.com/offer/senior-embedded-softwareentwickler-/1c3c0361-3837-418a-8dd3-e90c836733a1?utm_campaign=google_jobs_apply&utm_source=google_jobs_apply&utm_medium=organic
Software Developer (Embedded Software Development & Test Automation) (Softwareentwickler/in),Keysight Technologies Deutschland GmbH,"Wildau, Deutschland",2025-03-22 20:58:50.587768,https://jobs.thelocal.com/jobs/software-developer-embedded-software-development-test-automation-softwareentwicklerin-in-wildau-brandenburg-de/?utm_campaign=google_jobs_apply&utm_source=google_jobs_apply&utm_medium=organic
Softwareentwickler im Bereich Embedded Systems (m/w/d),FERCHAU GmbH,"Potsdam, Deutschland",2025-03-19 20:58:48.996562,https://www.ferchau.com/de/de/bewerber/jobs/401572/softwareentwickler-im-bereich-embedded-systems?utm_campaign=google_jobs_apply&utm_source=google_jobs_apply&utm_medium=organic
Softwareentwickler C#/ WPF  (m/w/d),XION,"Berlin, Deutschland",2025-03-19 20:58:47.396408,https://karriere.xion-medical.com/de?id=b8b775&utm_campaign=google_jobs_apply&utm_source=google_jobs_apply&utm_medium=organic
Fullstack Softwareentwickler C++ (m/w/d),KARL STORZ,"Berlin, Deutschland",2025-03-19 20:58:47.396391,https://career.karlstorz.com/job/Tuttlingen-Fullstack-Softwareentwickler-C%2B%2B-%28mwd%29-BW-78532/1061259501/?utm_campaign=google_jobs_apply&utm_source=google_jobs_apply&utm_medium=organic
Senior Softwareentwickler (gn) Fullstack,Experis,"Berlin, Deutschland",2025-03-18 20:58:48.996492,https://www.experis.de/nl/job/domain/senior-softwareentwickler-gn-fullstack/z9psclskgkn2a7imguajlgaaaao?utm_campaign=google_jobs_apply&utm_source=google_jobs_apply&utm_medium=organic
Security Softwareentwicklerin / Security Softwareentwickler (d/w/m) Geschäftsbereich IT,Charité – Universitätsmedizin Berlin,"Berlin, Deutschland",2025-03-18 20:58:44.177282,https://karriere.charite.de/stellenangebote/detail/4465?utm_campaign=google_jobs_apply&utm_source=google_jobs_apply&utm_medium=organic
